id,speaking_use
accommodate,describe-picture;respond-with-info;respond-to-questions
accommodation,respond-with-info;respond-to-questions
acknowledge,read-aloud;respond-to-questions
adhere,respond-with-info;express-opinion
adjourn,read-aloud;respond-with-info
agenda,respond-to-questions
agreement,respond-to-questions;express-opinion
allocate,respond-with-info;respond-to-questions;express-opinion
allowance,respond-to-questions;respond-with-info
annual,read-aloud;respond-with-info;respond-to-questions
applicant,respond-with-info;respond-to-questions;express-opinion
appraise,respond-to-questions;express-opinion
assemble,describe-picture;respond-to-questions
assembly,describe-picture;respond-with-info
assess,respond-to-questions;express-opinion
asset,respond-to-questions;express-opinion
attachment,read-aloud;respond-to-questions
attorney,respond-with-info;respond-to-questions
audit,respond-with-info;express-opinion
authorize,respond-with-info;express-opinion
awareness,respond-to-questions;express-opinion
background,describe-picture;respond-to-questions
baggage,respond-with-info;respond-to-questions
banquet,respond-with-info;respond-to-questions
benchmark,respond-with-info;express-opinion
benefit,respond-to-questions;express-opinion
binding,respond-with-info;express-opinion
bonus,respond-to-questions;express-opinion
brand,respond-to-questions;express-opinion
breach,respond-with-info;express-opinion
brochure,describe-picture;respond-to-questions
budget,respond-with-info;respond-to-questions;express-opinion
campaign,read-aloud;respond-to-questions;express-opinion
cancel,read-aloud;respond-with-info;respond-to-questions
candidate,respond-with-info;respond-to-questions;express-opinion
capacity,describe-picture;respond-with-info
cargo,describe-picture;respond-with-info
carrier,respond-with-info;respond-to-questions
cater,respond-with-info;respond-to-questions
clause,respond-with-info;express-opinion
clerical,respond-to-questions;express-opinion
client,respond-to-questions;express-opinion
collaborate,respond-to-questions;express-opinion
commute,respond-to-questions
compensation,respond-to-questions;express-opinion
complaint,respond-to-questions;express-opinion
complimentary,respond-with-info;respond-to-questions
comply,respond-with-info;express-opinion
compromise,respond-to-questions;express-opinion
concierge,respond-with-info;respond-to-questions
confidential,respond-with-info;express-opinion
confirm,read-aloud;respond-with-info;respond-to-questions
conform,respond-with-info;express-opinion
consignment,respond-with-info;express-opinion
consumer,respond-to-questions;express-opinion
contract,respond-to-questions;express-opinion
convene,respond-with-info;express-opinion
coordinate,respond-with-info;respond-to-questions
courier,respond-with-info;respond-to-questions
crosswalk,describe-picture
crucial,express-opinion;respond-to-questions
customs,respond-with-info;respond-to-questions
deadline,respond-to-questions
defect,describe-picture;respond-to-questions
defective,respond-to-questions;express-opinion
deficit,respond-with-info;express-opinion
delay,read-aloud;respond-with-info;respond-to-questions
delegate,respond-to-questions;express-opinion
deliver,read-aloud;respond-to-questions
demographic,respond-with-info;express-opinion
demolish,respond-with-info;express-opinion
demote,respond-to-questions;express-opinion
deposit,respond-with-info;respond-to-questions
discard,respond-to-questions;express-opinion
discount,read-aloud;respond-to-questions;respond-with-info
dismiss,respond-to-questions;express-opinion
dispatch,respond-with-info;respond-to-questions
dissatisfaction,respond-to-questions;express-opinion
dividend,respond-with-info;express-opinion
efficient,respond-to-questions;express-opinion
eligible,read-aloud;respond-with-info;respond-to-questions
endorse,respond-with-info;express-opinion
enhance,respond-to-questions;express-opinion
entitled,respond-with-info;express-opinion
establish,respond-to-questions;express-opinion
estate,respond-with-info;respond-to-questions
evaluate,respond-to-questions;express-opinion
exchange,respond-to-questions;respond-with-info
expand,respond-to-questions;express-opinion
expedite,respond-to-questions;express-opinion
expenditure,respond-with-info;express-opinion
expense,respond-with-info;respond-to-questions
facility,describe-picture;respond-with-info;respond-to-questions
feedback,respond-to-questions;express-opinion
filing,describe-picture;respond-to-questions
fine,respond-with-info;respond-to-questions
fiscal,respond-with-info;express-opinion
flaw,respond-with-info;express-opinion
flexible,respond-to-questions
fluctuate,respond-with-info;express-opinion
fragile,respond-with-info;describe-picture
freight,respond-with-info;describe-picture
guarantee,respond-to-questions;express-opinion
hire,respond-to-questions;express-opinion
hospitality,respond-to-questions;express-opinion
implement,respond-to-questions;express-opinion
incentive,respond-to-questions;express-opinion
inquiry,respond-to-questions;express-opinion
inspect,describe-picture;respond-to-questions
interview,respond-with-info;respond-to-questions
inventory,respond-with-info;respond-to-questions
invoice,respond-with-info;respond-to-questions
itinerary,read-aloud;respond-with-info
landlord,respond-with-info;respond-to-questions
launch,respond-with-info;express-opinion
lawsuit,respond-with-info;express-opinion
leaflet,describe-picture;respond-to-questions
lease,respond-with-info;respond-to-questions
legislation,respond-with-info;express-opinion
liability,respond-with-info;express-opinion
liable,respond-with-info;express-opinion
lucrative,express-opinion;respond-with-info
maintenance,read-aloud;respond-with-info;respond-to-questions
malfunction,respond-with-info;express-opinion
mandatory,respond-with-info;express-opinion
memorandum,respond-with-info;respond-to-questions
minutes,respond-with-info;respond-to-questions
negotiate,respond-to-questions;express-opinion
obligation,respond-to-questions;express-opinion
observe,respond-with-info;express-opinion
occupancy,respond-with-info;express-opinion
outdoor-cafe,describe-picture
output,respond-with-info;express-opinion
outreach,respond-with-info;express-opinion
overlook,describe-picture
overtime,respond-to-questions;express-opinion
party,respond-with-info;express-opinion
patron,respond-with-info;respond-to-questions
pedestrian,describe-picture
penalty,respond-with-info;express-opinion
pension,respond-to-questions;express-opinion
plant,describe-picture;respond-with-info
policy,respond-with-info;express-opinion
portfolio,respond-with-info;express-opinion
postpone,respond-to-questions
premises,respond-with-info;express-opinion
procedure,read-aloud;respond-to-questions;express-opinion
profit,respond-with-info;respond-to-questions
prohibit,respond-with-info;express-opinion
promote,respond-to-questions;express-opinion
promotion,respond-to-questions;express-opinion
provision,respond-with-info;express-opinion
publicize,respond-to-questions;express-opinion
qualification,respond-to-questions;express-opinion
recall,respond-with-info;express-opinion
receipt,read-aloud;respond-to-questions
recruit,respond-to-questions;express-opinion
redeem,respond-to-questions;respond-with-info
reference,respond-to-questions;express-opinion
refund,read-aloud;respond-to-questions
refurbish,respond-with-info;express-opinion
regulation,respond-with-info;express-opinion
reimbursement,respond-with-info;respond-to-questions
reject,respond-to-questions;express-opinion
remuneration,respond-with-info;express-opinion
renew,respond-to-questions;respond-with-info
renovate,respond-to-questions;express-opinion
requirement,read-aloud;respond-with-info;respond-to-questions
reschedule,respond-to-questions
reservation,respond-with-info;respond-to-questions
resign,respond-to-questions;express-opinion
resolve,respond-to-questions;express-opinion
restrict,respond-with-info;express-opinion
restructure,respond-with-info;express-opinion
resume,respond-with-info;respond-to-questions
retail,respond-to-questions;express-opinion
retire,respond-to-questions;express-opinion
revenue,respond-with-info;respond-to-questions
salary,respond-to-questions;express-opinion
satisfaction,respond-to-questions;express-opinion
schedule,read-aloud;respond-with-info;respond-to-questions
segment,respond-with-info;express-opinion
severance,respond-with-info;express-opinion
shipment,read-aloud;respond-with-info;respond-to-questions
shortlist,respond-to-questions;express-opinion
shuttle,respond-with-info;respond-to-questions
slogan,respond-to-questions;express-opinion
spacious,describe-picture;respond-to-questions
specify,respond-with-info;express-opinion
sponsor,respond-to-questions;express-opinion
stationery,describe-picture;respond-to-questions
subordinate,respond-with-info;express-opinion
supervise,respond-to-questions;express-opinion
surplus,respond-with-info;express-opinion
survey,respond-to-questions;express-opinion
tariff,respond-with-info;express-opinion
tenant,respond-with-info;respond-to-questions
terminate,respond-to-questions;express-opinion
touch-base,respond-to-questions
tracking,respond-with-info;respond-to-questions
transaction,respond-to-questions;respond-with-info
transit,respond-with-info;respond-to-questions
turnover,respond-to-questions;express-opinion
utility,respond-with-info;respond-to-questions
vacancy,read-aloud;respond-with-info;respond-to-questions
vacate,respond-with-info;respond-to-questions
venue,respond-with-info;respond-to-questions
voucher,respond-to-questions;respond-with-info
wage,respond-to-questions;express-opinion
warehouse,describe-picture;respond-to-questions
warranty,respond-to-questions;read-aloud
wholesale,respond-with-info;express-opinion
workload,respond-to-questions
