# Nguồn: TOEIC Service List 1.2 (Browne, C. & Culligan, B.) và New General Service List 1.2 (Browne, C., Culligan, B. & Phillips, J.), https://www.newgeneralservicelist.com/ — Creative Commons Attribution-ShareAlike 4.0 International. Báo cáo này là dữ liệu phái sinh, cùng giấy phép CC BY-SA 4.0.
lemma,band_hien_tai,review_status,list,headword,rank_trong_list,khop
accommodate,target,ai_cross_checked,tsl,accommodate,217,exact
accommodation,core,ai_cross_checked,ngsl,accommodation,1903,exact
acknowledge,target,ai_cross_checked,ngsl,acknowledge,1747,exact
adhere,target,ai_cross_checked,tsl,adhere,591,exact
adjourn,target,ai_cross_checked,,,,not_in_lists
agenda,core,ai_cross_checked,ngsl,agenda,2030,exact
agreement,core,ai_cross_checked,ngsl,agreement,785,exact
allocate,target,ai_cross_checked,tsl,allocate,699,exact
allowance,target,ai_cross_checked,,,,not_in_lists
annual,core,ai_cross_checked,ngsl,annual,1177,exact
applicant,core,ai_cross_checked,tsl,applicant,28,exact
appraise,target,ai_cross_checked,,,,not_in_lists
assemble,target,ai_cross_checked,tsl,assemble,435,exact
assembly,core,ai_cross_checked,tsl,assembly,540,exact
assess,target,ai_cross_checked,ngsl,assess,1499,exact
asset,core,ai_cross_checked,ngsl,asset,1501,exact
attachment,core,ai_cross_checked,ngsl,attachment,2794,exact
attorney,core,ai_cross_checked,tsl,attorney,660,exact
audit,target,ai_cross_checked,tsl,audit,187,exact
authorize,target,ai_cross_checked,tsl,authorize,213,exact
awareness,core,ai_cross_checked,ngsl,awareness,2423,exact
background,core,ai_cross_checked,ngsl,background,1223,exact
baggage,core,ai_cross_checked,tsl,baggage,152,exact
banquet,target,ai_cross_checked,tsl,banquet,117,exact
benchmark,advanced,ai_cross_checked,,,,not_in_lists
benefit,core,ai_cross_checked,ngsl,benefit,543,exact
binding,target,ai_cross_checked,ngsl,bind,1411,inflection
bonus,core,ai_cross_checked,tsl,bonus,195,exact
brand,core,ai_cross_checked,ngsl,brand,1549,exact
breach,advanced,ai_cross_checked,,,,not_in_lists
brochure,core,ai_cross_checked,tsl,brochure,20,exact
budget,core,ai_cross_checked,ngsl,budget,1016,exact
campaign,core,ai_cross_checked,ngsl,campaign,647,exact
cancel,core,ai_cross_checked,ngsl,cancel,2390,exact
candidate,core,ai_cross_checked,ngsl,candidate,977,exact
capacity,target,ai_cross_checked,ngsl,capacity,1472,exact
cargo,core,ai_cross_checked,tsl,cargo,413,exact
carrier,core,ai_cross_checked,tsl,carrier,254,exact
cater,target,ai_cross_checked,tsl,cater,264,exact
clause,target,ai_cross_checked,ngsl,clause,2529,exact
clerical,target,ai_cross_checked,,,,not_in_lists
client,core,ai_cross_checked,tsl,client,3,exact
collaborate,target,ai_cross_checked,,,,not_in_lists
commute,target,ai_cross_checked,tsl,commute,220,exact
compensation,target,ai_cross_checked,ngsl,compensation,2479,exact
complaint,core,ai_cross_checked,ngsl,complaint,1689,exact
complimentary,target,ai_cross_checked,tsl,complimentary,231,exact
comply,target,ai_cross_checked,tsl,comply,595,exact
compromise,target,ai_cross_checked,ngsl,compromise,2455,exact
concierge,advanced,ai_cross_checked,tsl,concierge,668,exact
confidential,target,ai_cross_checked,tsl,confidential,381,exact
confirm,core,ai_cross_checked,ngsl,confirm,1206,exact
conform,target,ai_cross_checked,tsl,conform,810,exact
consignment,advanced,ai_cross_checked,tsl,consignment,1113,exact
consumer,core,ai_cross_checked,ngsl,consumer,1133,exact
contract,core,ai_cross_checked,ngsl,contract,714,exact
convene,advanced,ai_cross_checked,,,,not_in_lists
coordinate,target,ai_cross_checked,tsl,coordinate,221,exact
courier,core,ai_cross_checked,tsl,courier,242,exact
crosswalk,core,ai_cross_checked,,,,not_in_lists
crucial,target,ai_cross_checked,ngsl,crucial,1983,exact
customer,foundation,ai_draft,ngsl,customer,487,exact
customs,core,ai_cross_checked,ngsl,custom,2371,inflection
deadline,core,ai_cross_checked,tsl,deadline,18,exact
defect,target,ai_cross_checked,tsl,defect,278,exact
defective,target,ai_cross_checked,tsl,defective,290,exact
deficit,target,ai_cross_checked,ngsl,deficit,2483,exact
delay,core,ai_cross_checked,ngsl,delay,1310,exact
delegate,target,ai_cross_checked,tsl,delegate,274,exact
deliver,core,ai_cross_checked,ngsl,deliver,1064,exact
demographic,target,ai_cross_checked,,,,not_in_lists
demolish,target,ai_cross_checked,tsl,demolish,1117,exact
demote,target,ai_cross_checked,,,,not_in_lists
deposit,core,ai_cross_checked,ngsl,deposit,2313,exact
discard,target,ai_cross_checked,tsl,discard,1209,exact
discount,core,ai_cross_checked,ngsl,discount,1660,exact
dismiss,target,ai_cross_checked,ngsl,dismiss,2392,exact
dispatch,target,ai_cross_checked,tsl,dispatch,971,exact
dissatisfaction,target,ai_cross_checked,,,,not_in_lists
dividend,target,ai_cross_checked,tsl,dividend,416,exact
efficient,core,ai_cross_checked,ngsl,efficient,1969,exact
eligible,core,ai_cross_checked,tsl,eligible,150,exact
email,foundation,ai_draft,ngsl,email,1169,exact
endorse,target,ai_cross_checked,,,,not_in_lists
enhance,target,ai_cross_checked,ngsl,enhance,1889,exact
entitled,target,ai_cross_checked,ngsl,entitle,2304,inflection
establish,core,ai_cross_checked,ngsl,establish,696,exact
estate,core,ai_cross_checked,ngsl,estate,1771,exact
evaluate,target,ai_cross_checked,ngsl,evaluate,2139,exact
exchange,core,ai_cross_checked,ngsl,exchange,1015,exact
expand,core,ai_cross_checked,ngsl,expand,1321,exact
expedite,target,ai_cross_checked,tsl,expedite,1046,exact
expenditure,advanced,ai_cross_checked,ngsl,expenditure,2509,exact
expense,core,ai_cross_checked,ngsl,expense,1531,exact
facility,core,ai_cross_checked,ngsl,facility,953,exact
feedback,core,ai_cross_checked,tsl,feedback,128,exact
filing,core,ai_cross_checked,ngsl,file,835,inflection
fine,core,ai_cross_checked,ngsl,fine,597,exact
fiscal,target,ai_cross_checked,tsl,fiscal,980,exact
flaw,target,ai_cross_checked,tsl,flaw,1049,exact
flexible,core,ai_cross_checked,ngsl,flexible,2720,exact
fluctuate,target,ai_cross_checked,tsl,fluctuate,1050,exact
fragile,core,ai_cross_checked,,,,not_in_lists
freight,target,ai_cross_checked,tsl,freight,716,exact
guarantee,core,ai_cross_checked,ngsl,guarantee,1570,exact
hire,core,ai_cross_checked,ngsl,hire,1514,exact
hospitality,target,ai_cross_checked,tsl,hospitality,1221,exact
implement,target,ai_cross_checked,ngsl,implement,1740,exact
incentive,target,ai_cross_checked,ngsl,incentive,2385,exact
inquiry,target,ai_cross_checked,ngsl,inquiry,2565,exact
inspect,core,ai_cross_checked,tsl,inspect,139,exact
interview,core,ai_cross_checked,ngsl,interview,784,exact
inventory,target,ai_cross_checked,tsl,inventory,60,exact
invoice,core,ai_cross_checked,tsl,invoice,19,exact
itinerary,target,ai_cross_checked,tsl,itinerary,146,exact
landlord,core,ai_cross_checked,tsl,landlord,578,exact
launch,core,ai_cross_checked,ngsl,launch,1131,exact
lawsuit,target,ai_cross_checked,,,,not_in_lists
leaflet,core,ai_cross_checked,,,,not_in_lists
lease,core,ai_cross_checked,tsl,lease,48,exact
legislation,advanced,ai_cross_checked,ngsl,legislation,1735,exact
liability,target,ai_cross_checked,ngsl,liability,2645,exact
liable,target,ai_cross_checked,,,,not_in_lists
lucrative,advanced,ai_cross_checked,,,,not_in_lists
maintenance,core,ai_cross_checked,ngsl,maintenance,2548,exact
malfunction,target,ai_cross_checked,tsl,malfunction,445,exact
manager,foundation,ai_draft,ngsl,manager,661,exact
mandatory,target,ai_cross_checked,tsl,mandatory,421,exact
meeting,foundation,ai_draft,ngsl,meet,135,inflection
memorandum,target,ai_cross_checked,tsl,memorandum,259,exact
minutes,target,ai_cross_checked,ngsl,minute,366,inflection
negotiate,target,ai_cross_checked,ngsl,negotiate,2002,exact
obligation,target,ai_cross_checked,ngsl,obligation,2137,exact
observe,core,ai_cross_checked,ngsl,observe,1098,exact
occupancy,target,ai_cross_checked,tsl,occupancy,293,exact
office,foundation,ai_draft,ngsl,office,343,exact
order,foundation,ai_draft,ngsl,order,215,exact
outdoor cafe,core,ai_cross_checked,,,,multiword
output,core,ai_cross_checked,ngsl,output,1921,exact
outreach,target,ai_cross_checked,,,,not_in_lists
overlook,target,ai_cross_checked,tsl,overlook,684,exact
overtime,core,ai_cross_checked,tsl,overtime,164,exact
party,core,ai_cross_checked,ngsl,party,299,exact
patron,target,ai_cross_checked,tsl,patron,269,exact
payment,foundation,ai_draft,ngsl,payment,1268,exact
pedestrian,core,ai_cross_checked,tsl,pedestrian,551,exact
penalty,core,ai_cross_checked,ngsl,penalty,2530,exact
pension,target,ai_cross_checked,ngsl,pension,2008,exact
plant,core,ai_cross_checked,ngsl,plant,671,exact
policy,core,ai_cross_checked,ngsl,policy,399,exact
portfolio,target,ai_cross_checked,tsl,portfolio,507,exact
postpone,target,ai_cross_checked,tsl,postpone,65,exact
premises,target,ai_cross_checked,ngsl,premise,1973,inflection
price,foundation,ai_draft,ngsl,price,296,exact
procedure,target,ai_cross_checked,ngsl,procedure,1168,exact
profit,core,ai_cross_checked,ngsl,profit,900,exact
prohibit,core,ai_cross_checked,tsl,prohibit,191,exact
promote,core,ai_cross_checked,ngsl,promote,1292,exact
promotion,core,ai_cross_checked,ngsl,promotion,2444,exact
provision,target,ai_cross_checked,ngsl,provision,1540,exact
publicize,target,ai_cross_checked,tsl,publicize,935,exact
qualification,target,ai_cross_checked,ngsl,qualification,2753,exact
recall,target,ai_cross_checked,ngsl,recall,1388,exact
receipt,core,ai_cross_checked,tsl,receipt,33,exact
recruit,core,ai_cross_checked,ngsl,recruit,2087,exact
redeem,target,ai_cross_checked,,,,not_in_lists
reference,target,ai_cross_checked,ngsl,reference,878,exact
refund,core,ai_cross_checked,tsl,refund,14,exact
refurbish,target,ai_cross_checked,,,,not_in_lists
regulation,core,ai_cross_checked,ngsl,regulation,1481,exact
reimbursement,target,ai_cross_checked,tsl,reimbursement,941,exact
reject,core,ai_cross_checked,ngsl,reject,1703,exact
remuneration,advanced,ai_cross_checked,,,,not_in_lists
renew,core,ai_cross_checked,tsl,renew,110,exact
renovate,core,ai_cross_checked,tsl,renovate,124,exact
report,foundation,ai_draft,ngsl,report,166,exact
requirement,core,ai_cross_checked,ngsl,requirement,1204,exact
reschedule,core,ai_cross_checked,tsl,reschedule,77,exact
reservation,core,ai_cross_checked,tsl,reservation,7,exact
resign,core,ai_cross_checked,ngsl,resign,2566,exact
resolve,target,ai_cross_checked,ngsl,resolve,1777,exact
restrict,target,ai_cross_checked,ngsl,restrict,2046,exact
restructure,advanced,ai_cross_checked,,,,not_in_lists
résumé,core,ai_cross_checked,tsl,résumé,26,exact
retail,core,ai_cross_checked,ngsl,retail,2037,exact
retire,core,ai_cross_checked,ngsl,retire,1635,exact
revenue,core,ai_cross_checked,ngsl,revenue,1351,exact
salary,core,ai_cross_checked,ngsl,salary,1816,exact
satisfaction,core,ai_cross_checked,ngsl,satisfaction,2133,exact
schedule,core,ai_cross_checked,ngsl,schedule,1240,exact
segment,target,ai_cross_checked,ngsl,segment,2370,exact
service,foundation,ai_draft,ngsl,service,223,exact
severance,advanced,ai_cross_checked,,,,not_in_lists
shipment,core,ai_cross_checked,tsl,shipment,38,exact
shortlist,target,ai_cross_checked,,,,not_in_lists
shuttle,core,ai_cross_checked,tsl,shuttle,204,exact
slogan,core,ai_cross_checked,,,,not_in_lists
spacious,core,ai_cross_checked,tsl,spacious,399,exact
specify,target,ai_cross_checked,ngsl,specify,2326,exact
sponsor,core,ai_cross_checked,ngsl,sponsor,2281,exact
stationery,core,ai_cross_checked,tsl,stationery,205,exact
subordinate,advanced,ai_cross_checked,,,,not_in_lists
supervise,core,ai_cross_checked,tsl,supervise,199,exact
surplus,target,ai_cross_checked,,,,not_in_lists
survey,core,ai_cross_checked,ngsl,survey,1008,exact
tariff,advanced,ai_cross_checked,,,,not_in_lists
tenant,core,ai_cross_checked,tsl,tenant,111,exact
terminate,target,ai_cross_checked,tsl,terminate,475,exact
touch base,target,ai_cross_checked,,,,multiword
tracking,core,ai_cross_checked,ngsl,track,958,inflection
transaction,core,ai_cross_checked,tsl,transaction,238,exact
transit,target,ai_cross_checked,tsl,transit,327,exact
turnover,target,ai_cross_checked,tsl,turnover,620,exact
utility,target,ai_cross_checked,tsl,utility,314,exact
vacancy,core,ai_cross_checked,tsl,vacancy,339,exact
vacate,target,ai_cross_checked,tsl,vacate,883,exact
venue,core,ai_cross_checked,tsl,venue,175,exact
voucher,core,ai_cross_checked,tsl,voucher,315,exact
wage,core,ai_cross_checked,ngsl,wage,1757,exact
warehouse,core,ai_cross_checked,tsl,warehouse,131,exact
warranty,core,ai_cross_checked,tsl,warranty,42,exact
wholesale,target,ai_cross_checked,,,,not_in_lists
workload,target,ai_cross_checked,,,,not_in_lists
